"","Name","position","R","RBI","points","SV","W"
"1","Mike Trout","outfield",113,114,227,NA,NA
"2","Hector Rondon","pitcher",NA,NA,204,40,4
"3","Miguel Cabrera","infield",90,113,203,NA,NA
"4","Fernando Rodney","pitcher",NA,NA,199.5,39,4
"5","Jake McGee","pitcher",NA,NA,195,38,4
"6","Cody Allen","pitcher",NA,NA,195,38,4
"7","Ryan Braun","outfield",88,103,191,NA,NA
"8","Yoenis Cespedes","outfield",88,103,191,NA,NA
"9","Greg Holland","pitcher",NA,NA,190.5,37,4
"10","Huston Street","pitcher",NA,NA,190.5,37,4
"11","Francisco Rodriguez","pitcher",NA,NA,190.5,37,4
"12","Brett Cecil","pitcher",NA,NA,186,36,4
"13","Adam Jones","outfield",89,96,185,NA,NA
"14","Anthony Rizzo","infield",91,94,185,NA,NA
"15","Zach Britton","pitcher",NA,NA,184.5,37,3
"16","Javier Baez","infield",90,90,180,NA,NA
"17","Albert Pujols","infield",77,97,174,NA,NA
"18","Edwin Encarnacion","infield",76,97,173,NA,NA
"19","Josh Donaldson","infield",82,91,173,NA,NA
"20","Chris Davis","infield",76,96,172,NA,NA
"21","Jose Abreu","infield",83,88,171,NA,NA
"22","Dellin Betances","pitcher",NA,NA,171,34,3
"23","Glen Perkins","pitcher",NA,NA,171,34,3
"24","Kyle Seager","infield",79,88,167,NA,NA
"25","Michael Brantley","outfield",83,84,167,NA,NA
"26","Neftali Feliz","pitcher",NA,NA,166.5,33,3
"27","Robinson Cano","infield",80,85,165,NA,NA
"28","Ian Kinsler","infield",88,76,164,NA,NA
"29","Alex Gordon","outfield",88,74,162,NA,NA
"30","Arismendy Alcantara","infield",83,79,162,NA,NA
"31","Jose Bautista","outfield",78,84,162,NA,NA
"32","Kyle Schwarber","infield",86,76,162,NA,NA
"33","Carlos Gomez","outfield",87,72,159,NA,NA
"34","Carlos Santana","infield",73,84,157,NA,NA
"35","Evan Longoria","infield",76,80,156,NA,NA
"36","Kole Calhoun","outfield",85,71,156,NA,NA
"37","Chris Carter","infield",70,85,155,NA,NA
"38","Brian Dozier","infield",86,67,153,NA,NA
"39","Mookie Betts","infield",88,65,153,NA,NA
"40","Pablo Sandoval","infield",70,83,153,NA,NA
"41","Eric Hosmer","infield",76,75,151,NA,NA
"42","Nelson Cruz","infield",68,83,151,NA,NA
"43","Jason Kipnis","infield",80,68,148,NA,NA
"44","Melky Cabrera","outfield",81,67,148,NA,NA
"45","Chase Headley","infield",74,73,147,NA,NA
"46","David Ortiz","infield",59,88,147,NA,NA
"47","J.D. Martinez","outfield",57,90,147,NA,NA
"48","George Springer","outfield",72,74,146,NA,NA
"49","Starlin Castro","infield",75,71,146,NA,NA
"50","Andy Wilkins","infield",68,75,143,NA,NA
"51","Brandon Moss","infield",66,77,143,NA,NA
"52","Adrian Beltre","infield",70,72,142,NA,NA
"53","Aaron Judge","outfield",73,68,141,NA,NA
"54","Dustin Ackley","outfield",79,62,141,NA,NA
"55","Jonathan Lucroy","infield",64,77,141,NA,NA
"56","Jose Altuve","infield",84,57,141,NA,NA
"57","Luke Gregerson","pitcher",NA,NA,141,26,4
"58","Asdrubal Cabrera","infield",74,64,138,NA,NA
"59","Jacoby Ellsbury","outfield",76,62,138,NA,NA
"60","Nick Castellanos","infield",61,77,138,NA,NA
"61","Adam Walker","outfield",65,72,137,NA,NA
"62","Dayan Viciedo","outfield",66,71,137,NA,NA
"63","Dustin Pedroia","infield",75,62,137,NA,NA
"64","Hanley Ramirez","infield",67,70,137,NA,NA
"65","Jon Singleton","infield",69,68,137,NA,NA
"66","Victor Martinez","infield",58,79,137,NA,NA
"67","David Robertson","pitcher",NA,NA,136.5,25,4
"68","Joe Nathan","pitcher",NA,NA,136.5,25,4
"69","Rougned Odor","infield",66,70,136,NA,NA
"70","Adam LaRoche","infield",61,74,135,NA,NA
"71","Erick Aybar","infield",72,63,135,NA,NA
"72","Matthew Clark","infield",65,70,135,NA,NA
"73","Tyrone Taylor","outfield",69,66,135,NA,NA
"74","Khris Davis","outfield",65,69,134,NA,NA
"75","Prince Fielder","infield",62,72,134,NA,NA
"76","Torii Hunter","outfield",64,70,134,NA,NA
"77","Trevor Plouffe","infield",63,71,134,NA,NA
"78","Adam Eaton","outfield",83,50,133,NA,NA
"79","Alexei Ramirez","infield",71,62,133,NA,NA
"80","Oswaldo Arcia","outfield",61,72,133,NA,NA
"81","Alex Rios","outfield",68,64,132,NA,NA
"82","Matt Dominguez","infield",61,70,131,NA,NA
"83","Trayce Thompson","outfield",68,63,131,NA,NA
"84","Brandon Laird","infield",61,69,130,NA,NA
"85","Elvis Andrus","infield",79,51,130,NA,NA
"86","Jose Reyes","infield",80,50,130,NA,NA
"87","Kevin Pillar","outfield",66,64,130,NA,NA
"88","Justin Smoak","infield",61,68,129,NA,NA
"89","Brian McCann","infield",54,74,128,NA,NA
"90","Brad Miller","infield",72,55,127,NA,NA
"91","Chris Colabello","infield",54,73,127,NA,NA
"92","Salvador Perez","infield",56,71,127,NA,NA
"93","Albert Almora","outfield",67,59,126,NA,NA
"94","Desmond Jennings","outfield",81,45,126,NA,NA
"95","Joe Mauer","infield",65,61,126,NA,NA
"96","Josh Hamilton","outfield",57,69,126,NA,NA
"97","Michael Saunders","outfield",66,60,126,NA,NA
"98","Scooter Gennett","infield",67,59,126,NA,NA
"99","Christian Walker","infield",62,63,125,NA,NA
"100","J.J. Hardy","infield",63,62,125,NA,NA
"101","Jesus Aguilar","infield",61,64,125,NA,NA
"102","Jason Rogers","infield",62,62,124,NA,NA
"103","Alejandro De Aza","outfield",71,52,123,NA,NA
"104","Austin Jackson","outfield",78,45,123,NA,NA
"105","Matt Davidson","infield",62,61,123,NA,NA
"106","Domingo Santana","outfield",62,60,122,NA,NA
"107","Kennys Vargas","infield",57,65,122,NA,NA
"108","Xander Bogaerts","infield",69,53,122,NA,NA
"109","Yan Gomes","infield",58,64,122,NA,NA
"110","Gary Sanchez","infield",58,63,121,NA,NA
"111","Jean Segura","infield",72,49,121,NA,NA
"112","Jorge Polanco","infield",63,58,121,NA,NA
"113","Michael Choice","outfield",60,61,121,NA,NA
"114","Preston Tucker","outfield",63,58,121,NA,NA
"115","Victor Roache","outfield",57,64,121,NA,NA
"116","Zach Walters","infield",57,64,121,NA,NA
"117","Alcides Escobar","infield",69,51,120,NA,NA
"118","Danny Santana","infield",71,49,120,NA,NA
"119","Jose Pirela","infield",67,53,120,NA,NA
"120","Mike Zunino","infield",62,58,120,NA,NA
"121","Shane Peterson","infield",63,57,120,NA,NA
"122","Koji Uehara","pitcher",NA,NA,120,20,5
"123","Allen Craig","infield",55,64,119,NA,NA
"124","Steven Moya","infield",55,64,119,NA,NA
"125","Johnny Giavotella","infield",62,56,118,NA,NA
"126","Lonnie Chisenhall","infield",59,59,118,NA,NA
"127","Manny Machado","infield",64,54,118,NA,NA
"128","Robbie Grossman","outfield",69,49,118,NA,NA
"129","Brett Wallace","infield",64,53,117,NA,NA
"130","Courtney Hawkins","outfield",55,62,117,NA,NA
"131","Garrett Jones","infield",56,61,117,NA,NA
"132","Mike Moustakas","infield",56,61,117,NA,NA
"133","Nick Franklin","infield",64,53,117,NA,NA
"134","Shin-Soo Choo","outfield",71,46,117,NA,NA
"135","Teoscar Hernandez","outfield",63,54,117,NA,NA
"136","Brett Gardner","outfield",72,44,116,NA,NA
"137","Carlos Beltran","infield",54,62,116,NA,NA
"138","Gerardo Parra","outfield",69,47,116,NA,NA
"139","Jimmy Paredes","infield",60,56,116,NA,NA
"140","Michael Bourn","outfield",73,43,116,NA,NA
"141","Rusney Castillo","outfield",66,50,116,NA,NA
"142","Matt Joyce","outfield",56,59,115,NA,NA
"143","Nomar Mazara","outfield",59,56,115,NA,NA
"144","C.J. Cron","infield",51,63,114,NA,NA
"145","Conor Gillaspie","infield",57,57,114,NA,NA
"146","Jose Ramirez","infield",67,47,114,NA,NA
"147","Lorenzo Cain","outfield",58,56,114,NA,NA
"148","Luis Jimenez","infield",56,58,114,NA,NA
"149","Adam Lind","infield",51,62,113,NA,NA
"150","Dwight Smith","outfield",60,53,113,NA,NA
"151","Orlando Arcia","infield",62,51,113,NA,NA
"152","Tyler Collins","outfield",54,59,113,NA,NA
"153","Brock Holt","infield",69,43,112,NA,NA
"154","Colby Rasmus","outfield",58,54,112,NA,NA
"155","James Loney","infield",52,60,112,NA,NA
"156","Luis Valbuena","infield",60,52,112,NA,NA
"157","Mark Teixeira","infield",47,65,112,NA,NA
"158","Jorge Alfaro","infield",58,53,111,NA,NA
"159","Nick Williams","outfield",55,56,111,NA,NA
"160","Anthony Gose","outfield",66,44,110,NA,NA
"161","Didi Gregorius","infield",62,48,110,NA,NA
"162","Francisco Lindor","infield",61,49,110,NA,NA
"163","Jake Cave","outfield",64,46,110,NA,NA
"164","Jake Marisnick","outfield",59,51,110,NA,NA
"165","Jorge Soler","outfield",51,59,110,NA,NA
"166","Josmil Pinto","infield",57,53,110,NA,NA
"167","Miguel Montero","infield",46,64,110,NA,NA
"168","Russell Martin","infield",47,63,110,NA,NA
"169","Ryan Rua","infield",57,53,110,NA,NA
"170","Alex Rodriguez","infield",52,57,109,NA,NA
"171","Kendrys Morales","infield",47,62,109,NA,NA
"172","Gabriel Guerrero","outfield",60,48,108,NA,NA
"173","Jed Lowrie","infield",57,51,108,NA,NA
"174","Jonathan Schoop","infield",55,53,108,NA,NA
"175","Leonys Martin","outfield",63,45,108,NA,NA
"176","Nick Swisher","infield",50,58,108,NA,NA
"177","Omar Infante","infield",53,55,108,NA,NA
"178","David Freese","infield",49,58,107,NA,NA
"179","Carlos Peguero","outfield",52,54,106,NA,NA
"180","Chris Parmelee","infield",50,56,106,NA,NA
"181","Dalton Pompey","outfield",59,47,106,NA,NA
"182","Garin Cecchini","infield",59,47,106,NA,NA
"183","Gordon Beckham","infield",60,46,106,NA,NA
"184","Jason Castro","infield",51,55,106,NA,NA
"185","Josh Willingham","infield",51,55,106,NA,NA
"186","Matt Long","outfield",59,47,106,NA,NA
"187","Michael Taylor","outfield",56,50,106,NA,NA
"188","Zach Borenstein","outfield",53,53,106,NA,NA
"189","Aramis Ramirez","infield",44,61,105,NA,NA
"190","Avisail Garcia","outfield",50,55,105,NA,NA
"191","Ezequiel Carrera","outfield",63,42,105,NA,NA
"192","Stefen Romero","outfield",54,51,105,NA,NA
"193","Travis Harrison","outfield",58,47,105,NA,NA
"194","Evan Gattis","infield",46,58,104,NA,NA
"195","Jonathan Villar","infield",59,45,104,NA,NA
"196","Logan Watkins","infield",61,43,104,NA,NA
"197","Mike Napoli","infield",50,54,104,NA,NA
"198","Mikie Mahtook","outfield",57,47,104,NA,NA
"199","Sean Halton","infield",50,54,104,NA,NA
"200","Wynton Bernard","outfield",61,43,104,NA,NA
"201","Carlos Moncrief","outfield",53,50,103,NA,NA
"202","Grant Green","infield",50,53,103,NA,NA
"203","Ketel Marte","infield",61,42,103,NA,NA
"204","Luis Sardinas","infield",59,44,103,NA,NA
"205","Mason Williams","outfield",60,43,103,NA,NA
"206","Andrew Aplin","outfield",58,44,102,NA,NA
"207","Matt Szczur","outfield",62,40,102,NA,NA
"208","Michael Yastrzemski","outfield",52,50,102,NA,NA
"209","Aaron Hicks","outfield",57,44,101,NA,NA
"210","Alex Liddi","infield",53,48,101,NA,NA
"211","Ben Guez","outfield",52,49,101,NA,NA
"212","Brett Phillips","outfield",54,47,101,NA,NA
"213","Bubba Starling","outfield",54,47,101,NA,NA
"214","Carlos Sanchez","infield",57,44,101,NA,NA
"215","Dexter Fowler","outfield",62,39,101,NA,NA
"216","Hernan Perez","infield",56,45,101,NA,NA
"217","Brad Glenn","outfield",46,54,100,NA,NA
"218","Efren Navarro","infield",52,48,100,NA,NA
"219","Lane Adams","infield",57,43,100,NA,NA
"220","Ramon Flores","outfield",53,47,100,NA,NA
"221","Reymond Fuentes","outfield",58,42,100,NA,NA
"222","Chris Taylor","infield",61,38,99,NA,NA
"223","Danny Ortiz","outfield",49,50,99,NA,NA
"224","J.B. Shuck","outfield",58,41,99,NA,NA
"225","Jackie Bradley Jr.","outfield",58,41,99,NA,NA
"226","Logan Morrison","infield",49,50,99,NA,NA
"227","Seth Smith","outfield",54,45,99,NA,NA
"228","Alfonso Soriano","outfield",45,53,98,NA,NA
"229","Chris Young","outfield",50,48,98,NA,NA
"230","Christian Colon","infield",56,42,98,NA,NA
"231","Daric Barton","infield",51,47,98,NA,NA
"232","Matt Wieters","infield",43,55,98,NA,NA
"233","Chris McGuiness","infield",49,48,97,NA,NA
"234","Eddie Rosario","outfield",50,47,97,NA,NA
"235","Jared Hoying","outfield",51,46,97,NA,NA
"236","Josh Rutledge","infield",53,44,97,NA,NA
"237","Ryan Goins","infield",49,48,97,NA,NA
"238","Alex Avila","infield",43,53,96,NA,NA
"239","Carlos Correa","infield",51,45,96,NA,NA
"240","Chance Sisco","infield",50,46,96,NA,NA
"241","Clint Frazier","outfield",52,44,96,NA,NA
"242","Danny Valencia","infield",41,55,96,NA,NA
"243","Hanser Alberto","infield",52,44,96,NA,NA
"244","Jabari Blash","outfield",52,44,96,NA,NA
"245","Tyler Austin","outfield",51,45,96,NA,NA
"246","Erik Gonzalez","infield",50,45,95,NA,NA
"247","Jared Mitchell","outfield",52,43,95,NA,NA
"248","Jesus Montero","infield",45,50,95,NA,NA
"249","Kevan Smith","infield",48,47,95,NA,NA
"250","Manuel Margot","outfield",52,43,95,NA,NA
"251","Steven Souza","outfield",49,46,95,NA,NA
"252","Addison Russell","infield",50,44,94,NA,NA
"253","Caleb Gindl","outfield",48,46,94,NA,NA
"254","Cord Phelps","infield",50,44,94,NA,NA
"255","Gregorio Petit","infield",51,43,94,NA,NA
"256","James Jones","outfield",61,33,94,NA,NA
"257","Kevin Kiermaier","outfield",53,41,94,NA,NA
"258","Marc Krauss","infield",45,49,94,NA,NA
"259","Mike Aviles","infield",46,48,94,NA,NA
"260","Daniel Nava","outfield",49,44,93,NA,NA
"261","J.P. Arencibia","infield",37,56,93,NA,NA
"262","Mike Olt","infield",44,49,93,NA,NA
"263","Rajai Davis","outfield",54,39,93,NA,NA
"264","Tim Anderson","infield",53,40,93,NA,NA
"265","Travis Snider","outfield",46,47,93,NA,NA
"266","Yadiel Rivera","infield",52,41,93,NA,NA
"267","Alex Presley","outfield",53,39,92,NA,NA
"268","Blake Swihart","infield",47,45,92,NA,NA
"269","David Murphy","outfield",43,49,92,NA,NA
"270","Jae-Hoon Ha","outfield",50,42,92,NA,NA
"271","Whit Merrifield","outfield",52,40,92,NA,NA
"272","Bryce Brentz","outfield",46,45,91,NA,NA
"273","Jake Smolinski","outfield",51,40,91,NA,NA
"274","Kentrail Davis","outfield",52,39,91,NA,NA
"275","Tommy La Stella","infield",45,46,91,NA,NA
"276","Delmon Young","infield",40,50,90,NA,NA
"277","Jorge Bonifacio","outfield",48,42,90,NA,NA
"278","Junior Lake","outfield",51,39,90,NA,NA
"279","L.J. Hoes","outfield",52,38,90,NA,NA
"280","Tyler Saladino","infield",49,41,90,NA,NA
"281","Zelous Wheeler","infield",47,43,90,NA,NA
"282","Felix Hernandez","pitcher",NA,NA,90,0,15
"283","Corey Kluber","pitcher",NA,NA,90,0,15
"284","Chris Sale","pitcher",NA,NA,90,0,15
"285","David Price","pitcher",NA,NA,90,0,15
"286","Jon Lester","pitcher",NA,NA,90,0,15
"287","Caleb Joseph","infield",41,48,89,NA,NA
"288","Chris Denorfia","outfield",55,34,89,NA,NA
"289","Cole Figueroa","infield",50,39,89,NA,NA
"290","Dariel Alvarez","outfield",45,44,89,NA,NA
"291","Vince Belnome","infield",51,38,89,NA,NA
"292","Billy Mckinney","outfield",48,40,88,NA,NA
"293","Everth Cabrera","infield",59,29,88,NA,NA
"294","Jack Reinheimer","infield",54,34,88,NA,NA
"295","Matt Tuiasosopo","outfield",45,43,88,NA,NA
"296","Jemile Weeks","infield",56,31,87,NA,NA
"297","JR Murphy","infield",44,43,87,NA,NA
"298","Lewis Brinson","outfield",47,40,87,NA,NA
"299","Nate Schierholtz","outfield",41,46,87,NA,NA
"300","Orlando Caxito","infield",48,39,87,NA,NA
"301","Taylor Featherston","infield",44,43,87,NA,NA
"302","Joakim Soria","pitcher",NA,NA,87,14,4
"303","Byron Buxton","outfield",48,38,86,NA,NA
"304","David Lough","outfield",49,37,86,NA,NA
"305","Eduardo Escobar","infield",49,37,86,NA,NA
"306","Jerry Sands","infield",43,43,86,NA,NA
"307","Kurt Suzuki","infield",36,50,86,NA,NA
"308","Brad Snyder","infield",43,42,85,NA,NA
"309","Corey Brown","outfield",45,40,85,NA,NA
"310","Eric Stamets","infield",48,37,85,NA,NA
"311","Moises Sierra","outfield",49,36,85,NA,NA
"312","Tyler Holt","outfield",56,29,85,NA,NA
"313","Chris Coghlan","outfield",47,37,84,NA,NA
"314","Matt Carson","outfield",44,40,84,NA,NA
"315","Max Kepler","outfield",42,42,84,NA,NA
"316","Max Stassi","infield",43,41,84,NA,NA
"317","Michael Burgess","outfield",40,44,84,NA,NA
"318","Shane Victorino","outfield",47,37,84,NA,NA
"319","Phil Hughes","pitcher",NA,NA,84,0,14
"320","Justin Verlander","pitcher",NA,NA,84,0,14
"321","Alex Hassan","outfield",45,38,83,NA,NA
"322","Carlos Rivero","infield",44,39,83,NA,NA
"323","Dioner Navarro","infield",34,49,83,NA,NA
"324","Mitch Moreland","infield",37,46,83,NA,NA
"325","Thomas Neal","outfield",47,36,83,NA,NA
"326","Tomas Telis","infield",44,39,83,NA,NA
"327","Bijan Rademacher","outfield",44,38,82,NA,NA
"328","Brian Bogusevic","outfield",45,37,82,NA,NA
"329","Chih-Hsien Chiang","outfield",42,40,82,NA,NA
"330","Chris Herrmann","infield",45,37,82,NA,NA
"331","Chris Valaika","infield",41,41,82,NA,NA
"332","Christian Vazquez","infield",44,38,82,NA,NA
"333","Dorssys Paulino","infield",46,36,82,NA,NA
"334","James Beresford","infield",48,34,82,NA,NA
"335","Kyeong Kang","infield",45,37,82,NA,NA
"336","Paulo Orlando","outfield",45,37,82,NA,NA
"337","Tyler Greene","infield",48,34,82,NA,NA
"338","Dean Green","infield",39,42,81,NA,NA
"339","Keury De La Cruz","outfield",40,41,81,NA,NA
"340","Scott Sizemore","infield",42,39,81,NA,NA
"341","Welington Castillo","infield",38,43,81,NA,NA
"342","Adrian Marin","infield",40,40,80,NA,NA
"343","Deven Marrero","infield",46,34,80,NA,NA
"344","Emilio Bonifacio","infield",53,27,80,NA,NA
"345","Justin O'Conner","infield",41,39,80,NA,NA
"346","Justin Ruggiano","outfield",40,40,80,NA,NA
"347","Mike Bianucci","infield",38,42,80,NA,NA
"348","Rob Segedin","outfield",42,38,80,NA,NA
"349","Daniel Fields","outfield",42,37,79,NA,NA
"350","Hector Gomez","infield",38,41,79,NA,NA
"351","James McCann","infield",39,40,79,NA,NA
"352","Logan Schafer","outfield",41,38,79,NA,NA
"353","Raul Ibanez","infield",35,44,79,NA,NA
"354","Austin Wates","outfield",45,33,78,NA,NA
"355","Elian Herrera","outfield",47,31,78,NA,NA
"356","Joe Sclafani","infield",46,32,78,NA,NA
"357","Juan Francisco","infield",36,42,78,NA,NA
"358","Hisashi Iwakuma","pitcher",NA,NA,78,0,13
"359","Matt Shoemaker","pitcher",NA,NA,78,0,13
"360","Rick Porcello","pitcher",NA,NA,78,0,13
"361","Jered Weaver","pitcher",NA,NA,78,0,13
"362","R.A. Dickey","pitcher",NA,NA,78,0,13
"363","Audy Ciriaco","infield",38,39,77,NA,NA
"364","Donnie Murphy","infield",36,41,77,NA,NA
"365","Francisco Pena","infield",38,39,77,NA,NA
"366","Jake Hager","infield",45,32,77,NA,NA
"367","Jurickson Profar","infield",42,35,77,NA,NA
"368","Melky Mesa","outfield",37,40,77,NA,NA
"369","Rafael Lopez","infield",41,36,77,NA,NA
"370","Rickie Weeks","infield",46,31,77,NA,NA
"371","Ryan Lavarnway","infield",39,38,77,NA,NA
"372","Tommy Field","infield",44,33,77,NA,NA
"373","Stephen Drew","infield",36,40,76,NA,NA
"374","Tyler Marlette","infield",41,35,76,NA,NA
"375","David Adams","infield",39,36,75,NA,NA
"376","Gabriel Noriega","infield",42,33,75,NA,NA
"377","Mike Ohlman","infield",41,34,75,NA,NA
"378","Rob Brantly","infield",38,37,75,NA,NA
"379","Steve Pearce","infield",35,40,75,NA,NA
"380","Telvin Nash","infield",39,36,75,NA,NA
"381","Adam Rosales","infield",40,34,74,NA,NA
"382","Dixon Machado","infield",43,31,74,NA,NA
"383","Heiker Menses","infield",42,32,74,NA,NA
"384","Robert Andino","infield",41,33,74,NA,NA
"385","Robinson Chirinos","infield",39,35,74,NA,NA
"386","Ryan Flaherty","infield",35,39,74,NA,NA
"387","Tyler Naquin","outfield",42,32,74,NA,NA
"388","Brett Eibner","outfield",41,32,73,NA,NA
"389","David DeJesus","infield",44,29,73,NA,NA
"390","Jett Bandy","infield",36,37,73,NA,NA
"391","Julio Borbon","outfield",43,30,73,NA,NA
"392","Blake Tekotte","outfield",38,34,72,NA,NA
"393","Collin Cowgill","outfield",40,32,72,NA,NA
"394","John Hicks","infield",40,32,72,NA,NA
"395","Jose Rondon","infield",42,30,72,NA,NA
"396","Quintin Berry","outfield",44,28,72,NA,NA
"397","Ryan Ludwick","outfield",29,43,72,NA,NA
"398","Ryan Roberts","infield",38,34,72,NA,NA
"399","Garrett Richards","pitcher",NA,NA,72,0,12
"400","Dallas Keuchel","pitcher",NA,NA,72,0,12
"401","Jeff Samardzija","pitcher",NA,NA,72,0,12
"402","Yordano Ventura","pitcher",NA,NA,72,0,12
"403","Collin McHugh","pitcher",NA,NA,72,0,12
"404","Mike Fiers","pitcher",NA,NA,72,0,12
"405","C.J. Wilson","pitcher",NA,NA,72,0,12
"406","Mark Buehrle","pitcher",NA,NA,72,0,12
"407","Brandon Guyer","outfield",43,28,71,NA,NA
"408","Carlos Perez","infield",36,35,71,NA,NA
"409","Chris Iannetta","infield",34,37,71,NA,NA
"410","Cole Gillespie","outfield",39,32,71,NA,NA
"411","Corban Joseph","infield",39,32,71,NA,NA
"412","Logan Forsythe","infield",41,30,71,NA,NA
"413","Shawn O'Malley","outfield",44,27,71,NA,NA
"414","Tyler Flowers","infield",35,36,71,NA,NA
"415","Austin Wilson","outfield",36,34,70,NA,NA
"416","Chris Rahl","outfield",35,35,70,NA,NA
"417","Steve Lombardozzi","infield",40,30,70,NA,NA
"418","Andrew Toles","outfield",41,28,69,NA,NA
"419","Christian Marrero","outfield",36,33,69,NA,NA
"420","John Jaso","infield",36,33,69,NA,NA
"421","Tony Campana","outfield",47,22,69,NA,NA
"422","Tyler Heineman","infield",39,30,69,NA,NA
"423","Junichi Tazawa","pitcher",NA,NA,69,10,4
"424","Clete Thomas","outfield",37,31,68,NA,NA
"425","Daniel Butler","infield",33,35,68,NA,NA
"426","Darin Mastroianni","outfield",40,28,68,NA,NA
"427","Derek Jeter","infield",32,36,68,NA,NA
"428","Jose Iglesias","infield",38,30,68,NA,NA
"429","Taylor Dugas","outfield",43,25,68,NA,NA
"430","Rene Rivera","infield",31,36,67,NA,NA
"431","Steve Tolleson","infield",36,31,67,NA,NA
"432","Antoan Richardson","outfield",44,22,66,NA,NA
"433","Cameron Gallagher","infield",34,32,66,NA,NA
"434","Chris Dickerson","infield",37,29,66,NA,NA
"435","Henry Ramos","outfield",35,31,66,NA,NA
"436","Jarrod Dyson","outfield",43,23,66,NA,NA
"437","Jim Adduci","outfield",37,29,66,NA,NA
"438","Nolan Fontana","infield",41,25,66,NA,NA
"439","Anibal Sanchez","pitcher",NA,NA,66,0,11
"440","Masahiro Tanaka","pitcher",NA,NA,66,0,11
"441","Jake Arrieta","pitcher",NA,NA,66,0,11
"442","Jose Quintana","pitcher",NA,NA,66,0,11
"443","Chris Archer","pitcher",NA,NA,66,0,11
"444","Derek Holland","pitcher",NA,NA,66,0,11
"445","James Paxton","pitcher",NA,NA,66,0,11
"446","Wade Miley","pitcher",NA,NA,66,0,11
"447","CC Sabathia","pitcher",NA,NA,66,0,11
"448","Drew Hutchison","pitcher",NA,NA,66,0,11
"449","Wei-Yin Chen","pitcher",NA,NA,66,0,11
"450","Wily Peralta","pitcher",NA,NA,66,0,11
"451","Yovani Gallardo","pitcher",NA,NA,66,0,11
"452","Jake Odorizzi","pitcher",NA,NA,66,0,11
"453","Ervin Santana","pitcher",NA,NA,66,0,11
"454","Chris Tillman","pitcher",NA,NA,66,0,11
"455","Jason Vargas","pitcher",NA,NA,66,0,11
"456","Andrew Romine","infield",40,25,65,NA,NA
"457","Andy LaRoche","infield",32,33,65,NA,NA
"458","Burt Reynolds","outfield",34,31,65,NA,NA
"459","Curt Casali","infield",38,27,65,NA,NA
"460","Derrik Gibson","infield",39,26,65,NA,NA
"461","Justin Maxwell","outfield",35,30,65,NA,NA
"462","Brent Lillibridge","infield",36,28,64,NA,NA
"463","Eduardo Nunez","infield",35,29,64,NA,NA
"464","Engel Beltre","outfield",37,27,64,NA,NA
"465","Jiovanni Mier","infield",38,26,64,NA,NA
"466","Julio Morban","infield",35,29,64,NA,NA
"467","Ryan Kalish","outfield",34,30,64,NA,NA
"468","Blake Lalli","infield",33,30,63,NA,NA
"469","Brian Roberts","infield",36,27,63,NA,NA
"470","J.T. Wise","infield",31,32,63,NA,NA
"471","John Buck","infield",29,34,63,NA,NA
"472","Marwin Gonzalez","infield",38,25,63,NA,NA
"473","Pedro Ciriaco","infield",36,27,63,NA,NA
"474","Rene Garcia","infield",35,28,63,NA,NA
"475","Tim Beckham","infield",38,25,63,NA,NA
"476","Kyle Blanks","infield",36,26,62,NA,NA
"477","Wilkin Ramirez","outfield",32,30,62,NA,NA
"478","Doug Bernier","infield",34,27,61,NA,NA
"479","Jesus Guzman","infield",29,32,61,NA,NA
"480","Munenori Kawasaki","infield",35,26,61,NA,NA
"481","Ryan Raburn","infield",28,33,61,NA,NA
"482","Charlie Cutler","infield",33,27,60,NA,NA
"483","Jonathan Diaz","infield",35,25,60,NA,NA
"484","Justin Henry","outfield",34,26,60,NA,NA
"485","Ricardo Nanita","outfield",30,30,60,NA,NA
"486","Stuart Turner","infield",32,28,60,NA,NA
"487","Tony Wolters","infield",34,26,60,NA,NA
"488","Kyle Hendricks","pitcher",NA,NA,60,0,10
"489","Matt Garza","pitcher",NA,NA,60,0,10
"490","Jimmy Nelson","pitcher",NA,NA,60,0,10
"491","Clay Buchholz","pitcher",NA,NA,60,0,10
"492","J.A. Happ","pitcher",NA,NA,60,0,10
"493","Justin Masterson","pitcher",NA,NA,60,0,10
"494","Kyle Lohse","pitcher",NA,NA,60,0,10
"495","Jeremy Guthrie","pitcher",NA,NA,60,0,10
"496","Franklin Gutierrez","outfield",29,30,59,NA,NA
"497","Hector Gimenez","infield",27,32,59,NA,NA
"498","Paul Konerko","infield",25,34,59,NA,NA
"499","Roberto Perez","infield",32,27,59,NA,NA
"500","Chris Gimenez","infield",33,25,58,NA,NA
"501","Jordan Schafer","outfield",36,22,58,NA,NA
"502","Trevor Crowe","outfield",31,27,58,NA,NA
"503","Andy Dirks","outfield",33,24,57,NA,NA
"504","Hainley Statia","infield",33,24,57,NA,NA
"505","Hank Conger","infield",28,29,57,NA,NA
"506","Andrew Miller","pitcher",NA,NA,57,6,5
"507","Adam Warren","pitcher",NA,NA,57,2,8
"508","Edward Mujica","pitcher",NA,NA,57,10,2
"509","A.J. Jimenez","infield",28,28,56,NA,NA
"510","Brendan Ryan","infield",30,26,56,NA,NA
"511","Elliot Johnson","infield",31,25,56,NA,NA
"512","Hak-Ju Lee","infield",34,22,56,NA,NA
"513","Jeff Bianchi","infield",28,28,56,NA,NA
"514","Josh Wilson","infield",30,26,56,NA,NA
"515","Steve Clevenger","infield",29,27,56,NA,NA
"516","Austin Romine","infield",30,25,55,NA,NA
"517","Erik Kratz","infield",25,30,55,NA,NA
"518","Henry Urrutia","infield",28,27,55,NA,NA
"519","Jonathan Mota","infield",29,26,55,NA,NA
"520","Ryan Sweeney","outfield",29,26,55,NA,NA
"521","Terrance Gore","infield",39,16,55,NA,NA
"522","Wilson Betemit","infield",30,25,55,NA,NA
"523","Edinson Rincon","infield",29,25,54,NA,NA
"524","Carlos Carrasco","pitcher",NA,NA,54,0,9
"525","Zach Duke","pitcher",NA,NA,54,8,3
"526","Michael Pineda","pitcher",NA,NA,54,0,9
"527","Jason Hammel","pitcher",NA,NA,54,0,9
"528","Kyle Gibson","pitcher",NA,NA,54,0,9
"529","Ricky Nolasco","pitcher",NA,NA,54,0,9
"530","Danny Duffy","pitcher",NA,NA,54,0,9
"531","Trevor Bauer","pitcher",NA,NA,54,0,9
"532","Brett Oberholtzer","pitcher",NA,NA,54,0,9
"533","Bud Norris","pitcher",NA,NA,54,0,9
"534","Daniel Norris","pitcher",NA,NA,54,0,9
"535","Scott Feldman","pitcher",NA,NA,54,0,9
"536","Edinson Volquez","pitcher",NA,NA,54,0,9
"537","Aaron Sanchez","pitcher",NA,NA,54,0,9
"538","Colby Lewis","pitcher",NA,NA,54,0,9
"539","Miguel Gonzalez","pitcher",NA,NA,54,0,9
"540","Endy Chavez","outfield",30,23,53,NA,NA
"541","Jayson Nix","infield",28,25,53,NA,NA
"542","Guilder Rodriguez","infield",33,19,52,NA,NA
"543","Jeff Keppinger","infield",27,25,52,NA,NA
"544","Nevin Ashley","infield",27,25,52,NA,NA
"545","Pat Cantwell","infield",31,21,52,NA,NA
"546","Adrian Nieto","infield",28,23,51,NA,NA
"547","Danny Worth","infield",28,23,51,NA,NA
"548","Geovany Soto","infield",25,26,51,NA,NA
"549","Martin Maldonado","infield",21,30,51,NA,NA
"550","Matt Pagnozzi","infield",27,24,51,NA,NA
"551","Ronald Bermudez","outfield",28,23,51,NA,NA
"552","Pat Neshek","pitcher",NA,NA,51,6,4
"553","Zach Putnam","pitcher",NA,NA,51,6,4
"554","John Hester","infield",28,22,50,NA,NA
"555","Leury Garcia","infield",31,19,50,NA,NA
"556","Nyjer Morgan","outfield",29,21,50,NA,NA
"557","Ryan Hanigan","infield",21,29,50,NA,NA
"558","Sean Ochinko","infield",24,26,50,NA,NA
"559","Brandon Snyder","infield",24,24,48,NA,NA
"560","Bryan Holaday","infield",23,25,48,NA,NA
"561","Carlos Corporan","infield",24,24,48,NA,NA
"562","Slade Heathcott","outfield",24,24,48,NA,NA
"563","Alex Cobb","pitcher",NA,NA,48,0,8
"564","Joe Smith","pitcher",NA,NA,48,4,5
"565","Danny Salazar","pitcher",NA,NA,48,0,8
"566","Drew Smyly","pitcher",NA,NA,48,0,8
"567","Taijuan Walker","pitcher",NA,NA,48,0,8
"568","Shane Greene","pitcher",NA,NA,48,0,8
"569","Nathan Eovaldi","pitcher",NA,NA,48,0,8
"570","Hector Santiago","pitcher",NA,NA,48,0,8
"571","Alfredo Simon","pitcher",NA,NA,48,0,8
"572","Carson Blair","infield",25,22,47,NA,NA
"573","Kevin Kouzmanoff","infield",22,24,46,NA,NA
"574","Marcus Lemon","infield",26,20,46,NA,NA
"575","Derrick Chung","infield",25,19,44,NA,NA
"576","Jack Murphy","infield",21,23,44,NA,NA
"577","Mike Dowd","infield",25,19,44,NA,NA
"578","Steven Baron","infield",24,20,44,NA,NA
"579","Alexi Casilla","infield",26,17,43,NA,NA
"580","Ali Solis","infield",21,22,43,NA,NA
"581","Angel Sanchez","infield",24,19,43,NA,NA
"582","Ian Stewart","infield",22,21,43,NA,NA
"583","Josh Thole","infield",23,20,43,NA,NA
"584","Parker Morin","infield",24,19,43,NA,NA
"585","Sharlon Schoop","infield",23,20,43,NA,NA
"586","Vance Albitz","infield",24,19,43,NA,NA
"587","Eric Fryer","infield",24,18,42,NA,NA
"588","Humberto Quintero","infield",19,23,42,NA,NA
"589","Jonathan Herrera","infield",27,15,42,NA,NA
"590","Zach McAllister","pitcher",NA,NA,42,0,7
"591","Aaron Loup","pitcher",NA,NA,42,4,4
"592","Kevin Gausman","pitcher",NA,NA,42,0,7
"593","T.J. House","pitcher",NA,NA,42,0,7
"594","Nate Karns","pitcher",NA,NA,42,0,7
"595","Joe Kelly","pitcher",NA,NA,42,0,7
"596","Travis Wood","pitcher",NA,NA,42,0,7
"597","Ross Detwiler","pitcher",NA,NA,42,0,7
"598","Bobby Wilson","infield",23,18,41,NA,NA
"599","Brendan Harris","infield",22,19,41,NA,NA
"600","Jason Bartlett","infield",25,16,41,NA,NA
"601","Eli Whiteside","infield",21,19,40,NA,NA
"602","Jesus Sucre","infield",22,18,40,NA,NA
"603","Carlos Pena","infield",23,16,39,NA,NA
"604","Chris Getz","infield",24,15,39,NA,NA
"605","Chad Qualls","pitcher",NA,NA,39,6,2
"606","Corey Wimberly","outfield",22,16,38,NA,NA
"607","Miguel Gonzalez","infield",20,18,38,NA,NA
"608","Ramon Santiago","infield",20,18,38,NA,NA
"609","Brad Boxberger","pitcher",NA,NA,37.5,3,4
"610","Pedro Strop","pitcher",NA,NA,37.5,3,4
"611","Darren O'Day","pitcher",NA,NA,37.5,3,4
"612","Jonathan Broxton","pitcher",NA,NA,37.5,3,4
"613","Maicer Izturis","infield",22,14,36,NA,NA
"614","Tom Wilhelmsen","pitcher",NA,NA,36,4,3
"615","Shawn Tolleson","pitcher",NA,NA,36,4,3
"616","Matt Moore","pitcher",NA,NA,36,0,6
"617","Ubaldo Jimenez","pitcher",NA,NA,36,0,6
"618","Nick Tepesch","pitcher",NA,NA,36,0,6
"619","John Danks","pitcher",NA,NA,36,0,6
"620","Don Kelly","infield",23,12,35,NA,NA
"621","Wade Davis","pitcher",NA,NA,34.5,1,5
"622","George Kottaras","infield",16,17,33,NA,NA
"623","Bryan Shaw","pitcher",NA,NA,33,2,4
"624","Ben Francisco","infield",17,15,32,NA,NA
"625","Brett Hayes","infield",17,15,32,NA,NA
"626","Rafael Furcal","infield",20,12,32,NA,NA
"627","Mike Nickeas","infield",15,16,31,NA,NA
"628","Drew Butera","infield",15,15,30,NA,NA
"629","Willie Bloomquist","infield",16,14,30,NA,NA
"630","Tsuyoshi Wada","pitcher",NA,NA,30,0,5
"631","Josh Tomlin","pitcher",NA,NA,30,0,5
"632","Edwin Jackson","pitcher",NA,NA,30,0,5
"633","Marco Estrada","pitcher",NA,NA,30,0,5
"634","Tommy Milone","pitcher",NA,NA,30,0,5
"635","Dylan Bundy","pitcher",NA,NA,30,0,5
"636","Mike Pelfrey","pitcher",NA,NA,30,0,5
"637","Chris Young","pitcher",NA,NA,30,0,5
"638","Hector Noesi","pitcher",NA,NA,30,0,5
"639","Chris Snyder","infield",14,15,29,NA,NA
"640","Kelvin Herrera","pitcher",NA,NA,28.5,1,4
"641","Casey Fien","pitcher",NA,NA,28.5,1,4
"642","David Ross","infield",14,13,27,NA,NA
"643","Jason Giambi","infield",11,16,27,NA,NA
"644","Jose Molina","infield",12,15,27,NA,NA
"645","Scott Atchison","pitcher",NA,NA,27,2,3
"646","J.C. Boscan","infield",15,11,26,NA,NA
"647","Charlie Furbush","pitcher",NA,NA,24,0,4
"648","Nicholas Tropeano","pitcher",NA,NA,24,0,4
"649","Tim Stauffer","pitcher",NA,NA,24,0,4
"650","Alex Meyer","pitcher",NA,NA,24,0,4
"651","Andrew Heaney","pitcher",NA,NA,24,0,4
"652","Ivan Nova","pitcher",NA,NA,24,0,4
"653","Roenis Elias","pitcher",NA,NA,24,0,4
"654","Johan Santana","pitcher",NA,NA,24,0,4
"655","Chase Whitley","pitcher",NA,NA,24,0,4
"656","Alex Colome","pitcher",NA,NA,24,0,4
"657","Dan Straily","pitcher",NA,NA,24,0,4
"658","Roberto Hernandez","pitcher",NA,NA,24,0,4
"659","Buck Farmer","pitcher",NA,NA,24,0,4
"660","Anthony Ranaudo","pitcher",NA,NA,24,0,4
"661","Al Alburquerque","pitcher",NA,NA,22.5,1,3
"662","Tommy Hunter","pitcher",NA,NA,22.5,1,3
"663","Grant Balfour","pitcher",NA,NA,22.5,1,3
"664","Joba Chamberlain","pitcher",NA,NA,22.5,1,3
"665","Brian Duensing","pitcher",NA,NA,22.5,1,3
"666","John Baker","infield",11,11,22,NA,NA
"667","Omir Santos","infield",10,11,21,NA,NA
"668","Craig Albernaz","infield",11,8,19,NA,NA
"669","Danny Farquhar","pitcher",NA,NA,18,0,3
"670","Will Smith","pitcher",NA,NA,18,0,3
"671","Josh Fields","pitcher",NA,NA,18,0,3
"672","Neil Ramirez","pitcher",NA,NA,18,0,3
"673","Mike Morin","pitcher",NA,NA,18,0,3
"674","Tony Sipp","pitcher",NA,NA,18,0,3
"675","Luke Hochevar","pitcher",NA,NA,18,0,3
"676","Vinnie Pestano","pitcher",NA,NA,18,0,3
"677","Fernando Salas","pitcher",NA,NA,18,0,3
"678","David Carpenter","pitcher",NA,NA,18,0,3
"679","Jim Henderson","pitcher",NA,NA,18,0,3
"680","Jason Frasor","pitcher",NA,NA,18,0,3
"681","Nick Hagadone","pitcher",NA,NA,18,0,3
"682","Yoervis Medina","pitcher",NA,NA,18,0,3
"683","Jason Motte","pitcher",NA,NA,18,0,3
"684","Kris Medlen","pitcher",NA,NA,18,0,3
"685","Todd Redmond","pitcher",NA,NA,18,0,3
"686","Brad Brach","pitcher",NA,NA,18,0,3
"687","Brandon Kintzler","pitcher",NA,NA,18,0,3
"688","Tanner Scheppers","pitcher",NA,NA,18,0,3
"689","Martin Perez","pitcher",NA,NA,18,0,3
"690","Chris Capuano","pitcher",NA,NA,18,0,3
"691","Jacob Turner","pitcher",NA,NA,18,0,3
"692","Henry Owens","pitcher",NA,NA,18,0,3
"693","Matt Andriese","pitcher",NA,NA,18,0,3
"694","Esmil Rogers","pitcher",NA,NA,18,0,3
"695","Erasmo Ramirez","pitcher",NA,NA,18,0,3
"696","Kyle Lobstein","pitcher",NA,NA,18,0,3
"697","Javy Guerra","pitcher",NA,NA,18,0,3
"698","Craig Breslow","pitcher",NA,NA,18,0,3
"699","Brad Peacock","pitcher",NA,NA,18,0,3
"700","Steven Wright","pitcher",NA,NA,18,0,3
"701","Taylor Jungmann","pitcher",NA,NA,18,0,3
"702","Kyle Ryan","pitcher",NA,NA,18,0,3
"703","Bryan Mitchell","pitcher",NA,NA,18,0,3
"704","Lou Marson","infield",11,4,15,NA,NA
"705","John McDonald","infield",7,6,13,NA,NA
"706","Kevin Jepsen","pitcher",NA,NA,12,0,2
"707","Justin Grimm","pitcher",NA,NA,12,0,2
"708","Neal Cotts","pitcher",NA,NA,12,0,2
"709","Kyle Crockett","pitcher",NA,NA,12,0,2
"710","Dominic Leone","pitcher",NA,NA,12,0,2
"711","Carson Smith","pitcher",NA,NA,12,0,2
"712","Cam Bedrosian","pitcher",NA,NA,12,0,2
"713","Bruce Rondon","pitcher",NA,NA,12,0,2
"714","Jeff Beliveau","pitcher",NA,NA,12,0,2
"715","Will Harris","pitcher",NA,NA,12,0,2
"716","Phil Coke","pitcher",NA,NA,12,0,2
"717","Jeremy Jeffress","pitcher",NA,NA,12,0,2
"718","Oliver Drake","pitcher",NA,NA,12,0,2
"719","Ernesto Frieri","pitcher",NA,NA,12,0,2
"720","Marc Rzepczynski","pitcher",NA,NA,12,0,2
"721","Brian Matusz","pitcher",NA,NA,12,0,2
"722","Brandon Finnegan","pitcher",NA,NA,12,0,2
"723","Alex Claudio","pitcher",NA,NA,12,0,2
"724","Kirby Yates","pitcher",NA,NA,12,0,2
"725","T.J. McFarland","pitcher",NA,NA,12,0,2
"726","Blaine Boyer","pitcher",NA,NA,12,0,2
"727","Wesley Wright","pitcher",NA,NA,12,0,2
"728","Liam Hendriks","pitcher",NA,NA,12,0,2
"729","Dan Jennings","pitcher",NA,NA,12,0,2
"730","Tom Gorzelanny","pitcher",NA,NA,12,0,2
"731","Anthony Varvaro","pitcher",NA,NA,12,0,2
"732","Phil Klein","pitcher",NA,NA,12,0,2
"733","Joe Thatcher","pitcher",NA,NA,12,0,2
"734","Tyler Thornburg","pitcher",NA,NA,12,0,2
"735","Alexi Ogando","pitcher",NA,NA,12,0,2
"736","Tom Layne","pitcher",NA,NA,12,0,2
"737","Justin Wilson","pitcher",NA,NA,12,0,2
"738","Cory Rasmus","pitcher",NA,NA,12,0,2
"739","Jake Petricka","pitcher",NA,NA,12,0,2
"740","J.R. Graham","pitcher",NA,NA,12,0,2
"741","Matt Harrison","pitcher",NA,NA,12,0,2
"742","Jake Buchanan","pitcher",NA,NA,12,0,2
"743","Samuel Deduno","pitcher",NA,NA,12,0,2
"744","Roman Mendez","pitcher",NA,NA,12,0,2
"745","Jose Ramirez","pitcher",NA,NA,12,0,2
"746","Roberto Osuna","pitcher",NA,NA,12,0,2
"747","Alex Gonzalez","pitcher",NA,NA,12,0,2
"748","Miguel Castro","pitcher",NA,NA,12,0,2
"749","Nick Martinez","pitcher",NA,NA,12,0,2
"750","Erik Johnson","pitcher",NA,NA,12,0,2
"751","Alex Gonzalez","infield",6,5,11,NA,NA
"752","Corey Knebel","pitcher",NA,NA,6,0,1
"753","Michael Tonkin","pitcher",NA,NA,6,0,1
"754","Austin Adams","pitcher",NA,NA,6,0,1
"755","C.C. Lee","pitcher",NA,NA,6,0,1
"756","James Hoyt","pitcher",NA,NA,6,0,1
"757","Zac Rosscup","pitcher",NA,NA,6,0,1
"758","Chasen Shreve","pitcher",NA,NA,6,0,1
"759","Robbie Ross","pitcher",NA,NA,6,0,1
"760","Drew Rucinski","pitcher",NA,NA,6,0,1
"761","Rafael Perez","pitcher",NA,NA,6,0,1
"762","Colt Hynes","pitcher",NA,NA,6,0,1
"763","Blaine Hardy","pitcher",NA,NA,6,0,1
"764","Anthony Swarzak","pitcher",NA,NA,6,0,1
"765","Rob Wooten","pitcher",NA,NA,6,0,1
"766","Shawn Armstrong","pitcher",NA,NA,6,0,1
"767","Ryan Webb","pitcher",NA,NA,6,0,1
"768","Lisalverto Bonilla","pitcher",NA,NA,6,0,1
"769","Matt Barnes","pitcher",NA,NA,6,0,1
"770","Steve Geltz","pitcher",NA,NA,6,0,1
"771","Darin Downs","pitcher",NA,NA,6,0,1
"772","Jeremy Mcbryde","pitcher",NA,NA,6,0,1
"773","Tyler Olson","pitcher",NA,NA,6,0,1
"774","Caleb Thielbar","pitcher",NA,NA,6,0,1
"775","Kyuji Fujikawa","pitcher",NA,NA,6,0,1
"776","Brandon Workman","pitcher",NA,NA,6,0,1
"777","Danny Hultzen","pitcher",NA,NA,6,0,1
"778","Brian Flynn","pitcher",NA,NA,6,0,1
"779","Ian Krol","pitcher",NA,NA,6,0,1
"780","Cesar Ramos","pitcher",NA,NA,6,0,1
"781","Lucas Luetge","pitcher",NA,NA,6,0,1
"782","Louis Coleman","pitcher",NA,NA,6,0,1
"783","Steve Delabar","pitcher",NA,NA,6,0,1
"784","Yohan Pino","pitcher",NA,NA,6,0,1
"785","Mike Kickham","pitcher",NA,NA,6,0,1
"786","Gavin Floyd","pitcher",NA,NA,6,0,1
"787","David Rollins","pitcher",NA,NA,6,0,1
"788","Matt Albers","pitcher",NA,NA,6,0,1
"789","Spencer Patton","pitcher",NA,NA,6,0,1
"790","Juan Oviedo","pitcher",NA,NA,6,0,1
"791","Eduardo Rodriguez","pitcher",NA,NA,6,0,1
"792","Kevin Chapman","pitcher",NA,NA,6,0,1
"793","C.J. Riefenhauser","pitcher",NA,NA,6,0,1
"794","Eric Surkamp","pitcher",NA,NA,6,0,1
"795","Alex Wilson","pitcher",NA,NA,6,0,1
"796","Joe Saunders","pitcher",NA,NA,6,0,1
"797","Daniel Webb","pitcher",NA,NA,6,0,1
"798","Michael Blazek","pitcher",NA,NA,6,0,1
"799","Drake Britton","pitcher",NA,NA,6,0,1
"800","Franklin Morales","pitcher",NA,NA,6,0,1
"801","Trevor May","pitcher",NA,NA,6,0,1
"802","John Lamb","pitcher",NA,NA,6,0,1
"803","Evan Meek","pitcher",NA,NA,6,0,1
"804","Joe Beimel","pitcher",NA,NA,6,0,1
"805","David Goforth","pitcher",NA,NA,6,0,1
"806","Angel Nesbitt","pitcher",NA,NA,6,0,1
"807","Drew VerHagen","pitcher",NA,NA,6,0,1
"808","Alex White","pitcher",NA,NA,6,0,1
"809","Brad Penny","pitcher",NA,NA,6,0,1
"810","Stephen Pryor","pitcher",NA,NA,6,0,1
"811","Jonathan Edwards","pitcher",NA,NA,6,0,1
"812","Onelki Garcia","pitcher",NA,NA,6,0,1
"813","Maikel Cleto","pitcher",NA,NA,6,0,1
"814","Tim Berry","pitcher",NA,NA,6,0,1
"815","Johnny Hellweg","pitcher",NA,NA,6,0,1
"816","Jose Dominguez","pitcher",NA,NA,0,0,0
"817","Matt Lindstrom","pitcher",NA,NA,0,0,0
"818","Mayckol Guaipe","pitcher",NA,NA,0,0,0
"819","Ryan Pressly","pitcher",NA,NA,0,0,0
"820","Burch Smith","pitcher",NA,NA,0,0,0
"821","Jamey Wright","pitcher",NA,NA,0,0,0
"822","Grayson Garvin","pitcher",NA,NA,0,0,0
"823","Charles Brewer","pitcher",NA,NA,0,0,0
"824","A.J. Achter","pitcher",NA,NA,0,0,0
"825","Enny Romero","pitcher",NA,NA,0,0,0
"826","Aaron Brooks","pitcher",NA,NA,0,0,0
"827","Michael Mariot","pitcher",NA,NA,0,0,0
"828","Brent Suter","pitcher",NA,NA,0,0,0
"829","Mike Montgomery","pitcher",NA,NA,0,0,0
"830","Mike Strong","pitcher",NA,NA,0,0,0
"831","Josh Zeid","pitcher",NA,NA,0,0,0
"832","Logan Darnell","pitcher",NA,NA,0,0,0
"833","Asher Wojciechowski","pitcher",NA,NA,0,0,0
"834","Kyle Drabek","pitcher",NA,NA,0,0,0
"835","Frankie Montas","pitcher",NA,NA,0,0,0
"836","Michael Ynoa","pitcher",NA,NA,0,0,0
"837","Raul Fernandez","pitcher",NA,NA,0,0,0
